1.16.4,https://files.minecraftforge.net/maven/net/minecraftforge/forge/1.16.4-35.1.37/forge-1.16.4-35.1.37-installer.jar,unstable,0a674919c76695581463312a519aeae16a52c61a,3699e1990316be0b23aa8468fc282709
1.16.4,https://files.minecraftforge.net/maven/net/minecraftforge/forge/1.16.4-35.1.4/forge-1.16.4-35.1.4-installer.jar,stable,a5b25c2a7f4d50d26c794aa0c851249031eb3e5f,6ceb243ce1c001be246e480ef2700394
1.16.3,https://files.minecraftforge.net/maven/net/minecraftforge/forge/1.16.3-34.1.42/forge-1.16.3-34.1.42-installer.jar,unstable,b0c2085f3eb73111b818ad218ffb577758a1a940,a1a1fd958f6db0edc6fe4a0361fdfdf0
1.16.3,https://files.minecraftforge.net/maven/net/minecraftforge/forge/1.16.3-34.1.0/forge-1.16.3-34.1.0-installer.jar,stable,ac4d4982eb75b0e2adfeebe5b1f398f8bff501b5,ee3b4ed111ad143cfc757aad6dc61024
1.16.2,https://files.minecraftforge.net/maven/net/minecraftforge/forge/1.16.2-33.0.61/forge-1.16.2-33.0.61-installer.jar,unstable,025d359a7c5b4869c58854c8af04f00561ec1b8e,eed904b7c2716fa23eb2964540d63a2a
1.16.1,https://files.minecraftforge.net/maven/net/minecraftforge/forge/1.16.1-32.0.108/forge-1.16.1-32.0.108-installer.jar,unstable,d2c22d4c1d61d6126cb15a9a087da2ef57e7acdf,cbba8a8a7928af1802e1b9f84e4b8ffd
1.15.2,https://files.minecraftforge.net/maven/net/minecraftforge/forge/1.15.2-31.2.50/forge-1.15.2-31.2.50-installer.jar,unstable,cadc883ab563163ceedacd747f5c582dd45008b9,be38e3d523e4828ae3186659cb230d4d
1.15.2,https://files.minecraftforge.net/maven/net/minecraftforge/forge/1.15.2-31.2.0/forge-1.15.2-31.2.0-installer.jar,stable,679ea40cab6e5c9828dd45c7bf326f65b8bc89b7,a98337d668debbe47fd6ed1abdffa8da
1.15.1,https://files.minecraftforge.net/maven/net/minecraftforge/forge/1.15.1-30.0.51/forge-1.15.1-30.0.51-installer.jar,unstable,9a3e25ce091a32a7ea3f137fbcb8eff45077ed47,bdfdd7259c6fa95922498fb40ad5a5d7
1.15,https://files.minecraftforge.net/maven/net/minecraftforge/forge/1.15-29.0.4/forge-1.15-29.0.4-installer.jar,unstable,953f5316c678cfe275d13163b8d2b247f4f41cb3,ef817dcb6b58c339c3029231b6c99496
1.14.4,https://files.minecraftforge.net/maven/net/minecraftforge/forge/1.14.4-28.2.23/forge-1.14.4-28.2.23-installer.jar,unstable,791fd2763ce1400dbcf793911b4f16d4af5dae8b,03a1390e4cd1dc3f31a202782ee4a036
1.14.4,https://files.minecraftforge.net/maven/net/minecraftforge/forge/1.14.4-28.2.0/forge-1.14.4-28.2.0-installer.jar,stable,020b8461254a9ede7b37a52435934ae61ee93974,a060ecc61df1aa9714c70067ed3cf8d7
1.14.3,https://files.minecraftforge.net/maven/net/minecraftforge/forge/1.14.3-27.0.60/forge-1.14.3-27.0.60-installer.jar,unstable,b550c1bec15fe01d816754d539e9fce521999b3e,b6c80e413b2c1be8df74db8017be030e
1.14.2,https://files.minecraftforge.net/maven/net/minecraftforge/forge/1.14.2-26.0.63/forge-1.14.2-26.0.63-installer.jar,unstable,a2c089344a7fe95c2eb52fb36b844186fa35ef53,67f83879fb8783c84444626cf1ef41c3
1.13.2,https://files.minecraftforge.net/maven/net/minecraftforge/forge/1.13.2-25.0.219/forge-1.13.2-25.0.219-installer.jar,unstable,25f4019e3f339cea5171b4f8da1ea248c39ecd98,d847f753e510bfbad07133c75f3979c9
1.12.2,https://files.minecraftforge.net/maven/net/minecraftforge/forge/1.12.2-14.23.5.2854/forge-1.12.2-14.23.5.2854-installer.jar,stable,fd44bd84072bd3b96641698ff96245849309efe0,4c7219db97b45cc5ce24ae7f15eadefa
1.12.1,https://files.minecraftforge.net/maven/net/minecraftforge/forge/1.12.1-14.22.1.2485/forge-1.12.1-14.22.1.2485-installer.jar,unstable,ed6c4c686cdb066bdfbdc6c41a6a010b8415c797,c2101aa37e0e1505517fbf67d58b4d1f
1.12.1,https://files.minecraftforge.net/maven/net/minecraftforge/forge/1.12.1-14.22.1.2478/forge-1.12.1-14.22.1.2478-installer.jar,stable,e42665f2d0b80e5d42f6b1be877af32cd0f14790,0a96b911ac1131481ceccd769f080902
1.12,https://files.minecraftforge.net/maven/net/minecraftforge/forge/1.12-14.21.1.2443/forge-1.12-14.21.1.2443-installer.jar,unstable,345bfa9161d2543bcff3de2013a716540e3af81f,b456c9c0dd6c61a1653c36db9d4a0755
1.12,https://files.minecraftforge.net/maven/net/minecraftforge/forge/1.12-14.21.1.2387/forge-1.12-14.21.1.2387-installer.jar,stable,f4e108eeefa445cefb8c583553e297d759d3d21b,fad8762716ee63f7829e67093e49938c
1.11.2,https://files.minecraftforge.net/maven/net/minecraftforge/forge/1.11.2-13.20.1.2588/forge-1.11.2-13.20.1.2588-installer.jar,unstable,cb07953d60dac805b3586488bc53e765ce733521,c3a8e08d2070b93979a40b07386db260
1.11.2,https://files.minecraftforge.net/maven/net/minecraftforge/forge/1.11.2-13.20.1.2386/forge-1.11.2-13.20.1.2386-installer.jar,stable,9c948951af60a9242f0accfe79bce2bf0b5d56f3,722bbbfe9b95d520c04eda278b202e61
1.11,https://files.minecraftforge.net/maven/net/minecraftforge/forge/1.11-13.19.1.2199/forge-1.11-13.19.1.2199-installer.jar,unstable,c378a2867a7d1aead910aa2542c8f12311ce66b6,2df0627e90cd2357c035a5e963edb7c2
1.11,https://files.minecraftforge.net/maven/net/minecraftforge/forge/1.11-13.19.1.2189/forge-1.11-13.19.1.2189-installer.jar,stable,3301c7df7b2d4ba6f15c785c0c0f0b88806e2d3f,7c9dc64794be3093f39195bf4a5f061a
1.10.2,https://files.minecraftforge.net/maven/net/minecraftforge/forge/1.10.2-12.18.3.2511/forge-1.10.2-12.18.3.2511-installer.jar,unstable,5d3728132385998142b4a4285bf7aeb2cdb2c646,0b0c22bb1d2156389bdc23796d861218
1.10.2,https://files.minecraftforge.net/maven/net/minecraftforge/forge/1.10.2-12.18.3.2185/forge-1.10.2-12.18.3.2185-installer.jar,stable,bf91c32c8e1ea31b481dba25659a5604146da735,5f29e523b6cfb7cd58af328e706884a9
1.10,https://files.minecraftforge.net/maven/net/minecraftforge/forge/1.10-12.18.0.2000-1.10.0/forge-1.10-12.18.0.2000-1.10.0-installer.jar,unstable,19b8b5e454974e7485ab1230c75ce328532562a9,00def2a5c0b9ceacd63405d86677d713
1.9.4,https://files.minecraftforge.net/maven/net/minecraftforge/forge/1.9.4-12.17.0.2051/forge-1.9.4-12.17.0.2051-installer.jar,unstable,20946471e6555ab8bc438cfd98718e941b84197b,c9530e2e93f7229fa65a27ea79d3eb0a
1.9.4,https://files.minecraftforge.net/maven/net/minecraftforge/forge/1.9.4-12.17.0.1976/forge-1.9.4-12.17.0.1976-installer.jar,stable,3420e66251f60fba13bb9cef3393094bf525e06d,1c87d45435e921990e1c1c623c929f51
1.9,https://files.minecraftforge.net/maven/net/minecraftforge/forge/1.9-12.16.1.1887/forge-1.9-12.16.1.1887-installer.jar,stable,8c6be80ad3a8430e915cf8c7a836cbce200858e0,343593e003258c94ef5797c7b90e99a1
1.8.9,https://files.minecraftforge.net/maven/net/minecraftforge/forge/1.8.9-11.15.1.2318-1.8.9/forge-1.8.9-11.15.1.2318-1.8.9-installer.jar,unstable,405af941034323c7500796c22004352d843d3320,d5800520304d70674f73801552e2cf73
1.8.9,https://files.minecraftforge.net/maven/net/minecraftforge/forge/1.8.9-11.15.1.1722/forge-1.8.9-11.15.1.1722-installer.jar,stable,49e4e6a9509e77c8649c95c01b29e8e120db3c70,7405189f072edca4e974cbb891e859cd
1.8.8,https://files.minecraftforge.net/maven/net/minecraftforge/forge/1.8.8-11.15.0.1655/forge-1.8.8-11.15.0.1655-installer.jar,unstable,10599036e610de81e4e747a2e747cedf3a08b081,51b975e9aedd216fb473d28ffb2f3a52
1.8,https://files.minecraftforge.net/maven/net/minecraftforge/forge/1.8-11.14.4.1577/forge-1.8-11.14.4.1577-installer.jar,unstable,e5fe9715498b8a0a63ce51591c2d2683272a5021,fd2aa831d1fdf92de83bfb3cd6703de4
1.8,https://files.minecraftforge.net/maven/net/minecraftforge/forge/1.8-11.14.4.1563/forge-1.8-11.14.4.1563-installer.jar,stable,6732ea74102c3914c10d1517433b10d2c33c2d8e,9945bc124c736c937d7d3a166eb80d92
1.7.10,https://files.minecraftforge.net/maven/net/minecraftforge/forge/1.7.10-10.13.4.1614-1.7.10/forge-1.7.10-10.13.4.1614-1.7.10-installer.jar,unstable,5b377cd419c2e207dedcde9f011989f0821d337e,f9b1c73625bb00a2f8b5f76a2217c0c9
1.7.10,https://files.minecraftforge.net/maven/net/minecraftforge/forge/1.7.10-10.13.4.1558-1.7.10/forge-1.7.10-10.13.4.1558-1.7.10-installer.jar,stable,afcf4b3392b6d632acb728b78b1a6321ee59ac61,4666a35fa0e1a13feb8b8a247bb9c89f
1.7.2,https://files.minecraftforge.net/maven/net/minecraftforge/forge/1.7.2-10.12.2.1147/forge-1.7.2-10.12.2.1147-installer.jar,unstable,dff2a0eb3cf2d512065be8fe17f1111f30a1a177,f1f4e9b279022646f32a8f0b0f555412
1.7.2,https://files.minecraftforge.net/maven/net/minecraftforge/forge/1.7.2-10.12.2.1121/forge-1.7.2-10.12.2.1121-installer.jar,stable,c5c4ad3221e344f7cfffef0ca234285e1d825e2d,106462c337c6b9dec40782d1bba9e550
1.6.4,https://files.minecraftforge.net/maven/net/minecraftforge/forge/1.6.4-9.11.1.1345/forge-1.6.4-9.11.1.1345-installer.jar,stable,"833bca2580a40ceb66cb74b193a44c3fc3783db8",md5が取得できませんでした
1.6.3,https://files.minecraftforge.net/maven/net/minecraftforge/forge/1.6.3-9.11.0.878/forge-1.6.3-9.11.0.878-installer.jar,unstable,9953289ee1a1af6392ec96d21269f39d96fc1a5a,c9343d95946abe2885dfb4b9da970a9d
1.6.2,https://files.minecraftforge.net/maven/net/minecraftforge/forge/1.6.2-9.10.1.871/forge-1.6.2-9.10.1.871-installer.jar,stable,f84ffe32179b71b09dc1c82aa3fd07c726cbed67,d3fa93906439f9a57aaf98d0c4a1e957
1.6.1,https://files.minecraftforge.net/maven/net/minecraftforge/forge/1.6.1-8.9.0.775/forge-1.6.1-8.9.0.775-installer.jar,unstable,814e2890f88ad458a9df7894bdf060949933c5d9,1237ac73b976a496e4a0dd77e3571129
1.5.2,https://files.minecraftforge.net/maven/net/minecraftforge/forge/1.5.2-7.8.1.738/forge-1.5.2-7.8.1.738-installer.jar,unstable,0b94095db02535e42e7346ebd1ab41f627092f30,f0929a34f4ddc1ad7d83efa30e785980
1.5.2,https://files.minecraftforge.net/maven/net/minecraftforge/forge/1.5.2-7.8.1.737/forge-1.5.2-7.8.1.737-installer.jar,stable,1036fd02778c9cded3402528a433bec831493df2,f8186ee71ca16bcecdad8a8d3e4fec7c
1.1,https://files.minecraftforge.net/maven/net/minecraftforge/forge/1.1-1.3.2.6/forge-1.1-1.3.2.6-client.zip,unstable,469c7532e6e92ce5be68e850643a2b03b305c9df,914c8f7add7b1a03cfba52c8a5ed72d3
